{
  "last_item": null,
  "total_items": "1139",
  "first_item": null,
  "page_number": "1",
  "page_size": "10",
  "page_items": null,
  "search_time": "0.04",
  "page_count": "114",
  "events": {
    "event": [
      {
        "watching_count": null,
        "olson_path": "America/New_York",
        "calendar_count": null,
        "comment_count": null,
        "region_abbr": "NY",
        "postal_code": null,
        "going_count": null,
        "all_day": "0",
        "latitude": "43.1515879",
        "groups": null,
        "url": "http://rochester.eventful.com/events/sing-rochester-oratorio-/E0-001-105303678-0@2017112019?utm_source=apis&utm_medium=apim&utm_campaign=apic",
        "id": "E0-001-105303678-0@2017112019",
        "privacy": "1",
        "city_name": "Rochester",
        "link_count": null,
        "longitude": "-77.5763319",
        "country_name": "United States",
        "country_abbr": "USA",
        "region_name": "New York",
        "start_time": "2017-11-20 19:30:00",
        "tz_id": null,
        "description": "Love to sing?…join the Rochester Oratorio Society! \nHighlights of our upcoming season: masterworks by Handel, Duruflé, and Amy Beach; Frederick Douglass bicentennial concert; and our annual city-wide holiday concert to benefit charity.\nCall (585) 473-2234 for audition and membership information, or email info@rossings.org. Rehearsals are on Mondays, starting August 28.\nDon’t miss another minute of singing!",
        "modified": "2017-08-02 19:40:27",
        "venue_display": "1",
        "tz_country": null,
        "performers": null,
        "title": "Sing with the Rochester Oratorio Society!",
        "venue_address": "1040 East Avenue",
        "geocode_type": "EVDB Geocoder",
        "tz_olson_path": null,
        "recur_string": "weekly on Mondays for 30 times",
        "calendars": null,
        "owner": "jlhorn",
        "going": null,
        "country_abbr2": "US",
        "image": {
          "small": {
            "width": "48",
            "url": "//d1marr3m5x4iac.cloudfront.net/images/small/I0-001/039/162/269-7.jpeg_/sing-rochester-oratorio-society-69.jpeg",
            "height": "48"
          },
          "width": "48",
          "caption": null,
          "medium": {
            "width": "128",
            "url": "//d1marr3m5x4iac.cloudfront.net/images/medium/I0-001/039/162/269-7.jpeg_/sing-rochester-oratorio-society-69.jpeg",
            "height": "128"
          },
          "url": "//d1marr3m5x4iac.cloudfront.net/images/small/I0-001/039/162/269-7.jpeg_/sing-rochester-oratorio-society-69.jpeg",
          "thumb": {
            "width": "48",
            "url": "//d1marr3m5x4iac.cloudfront.net/images/thumb/I0-001/039/162/269-7.jpeg_/sing-rochester-oratorio-society-69.jpeg",
            "height": "48"
          },
          "height": "48"
        },
        "created": "2017-08-02 15:35:58",
        "venue_id": "V0-001-000577978-8",
        "tz_city": null,
        "stop_time": "2017-11-20 22:00:00",
        "venue_name": "Asbury First UMC",
        "venue_url": "http://rochester.eventful.com/venues/asbury-first-umc-/V0-001-000577978-8?utm_source=apis&utm_medium=apim&utm_campaign=apic"
      },
      {
        "watching_count": null,
        "olson_path": "America/New_York",
        "calendar_count": null,
        "comment_count": null,
        "region_abbr": "NY",
        "postal_code": "14608",
        "going_count": null,
        "all_day": "0",
        "latitude": "43.1525223",
        "groups": null,
        "url": "http://rochester.eventful.com/events/rochester-afterschool-p-/E0-001-103608336-5@2017112415?utm_source=apis&utm_medium=apim&utm_campaign=apic",
        "id": "E0-001-103608336-5@2017112415",
        "privacy": "1",
        "city_name": "Rochester",
        "link_count": null,
        "longitude": "-77.6272037",
        "country_name": "United States",
        "country_abbr": "USA",
        "region_name": "New York",
        "start_time": "2017-11-24 15:00:00",
        "tz_id": null,
        "description": " The Rochester Afterschool Program is back for Fall 2017! Beginning September 8th, every Friday from 3PM - 6:30PM. Cost is $20 per student. Healthy Snacks & Dinner Provided. Also includes Games, Workshops & Outdoor Education. Geared toward students Kindergarten - Fourth grade. Students of all abilities welcome. Space is limited, advance registration is required. ",
        "modified": "2017-06-06 14:11:07",
        "venue_display": "1",
        "tz_country": null,
        "performers": null,
        "title": "The Rochester Afterschool Program",
        "venue_address": "540 West Main Street",
        "geocode_type": "EVDB Geocoder",
        "tz_olson_path": null,
        "recur_string": "on various days",
        "calendars": null,
        "owner": "evdb",
        "going": null,
        "country_abbr2": "US",
        "image": {
          "small": {
            "width": "48",
            "url": "//d1marr3m5x4iac.cloudfront.net/images/small/I0-001/038/678/754-7.jpeg_/rochester-afterschool-program-54.jpeg",
            "height": "48"
          },
          "width": "48",
          "caption": null,
          "medium": {
            "width": "128",
            "url": "//d1marr3m5x4iac.cloudfront.net/images/medium/I0-001/038/678/754-7.jpeg_/rochester-afterschool-program-54.jpeg",
            "height": "128"
          },
          "url": "//d1marr3m5x4iac.cloudfront.net/images/small/I0-001/038/678/754-7.jpeg_/rochester-afterschool-program-54.jpeg",
          "thumb": {
            "width": "48",
            "url": "//d1marr3m5x4iac.cloudfront.net/images/thumb/I0-001/038/678/754-7.jpeg_/rochester-afterschool-program-54.jpeg",
            "height": "48"
          },
          "height": "48"
        },
        "created": "2017-06-06 14:11:04",
        "venue_id": "V0-001-009736269-9",
        "tz_city": null,
        "stop_time": null,
        "venue_name": "540 W Main St",
        "venue_url": "http://rochester.eventful.com/venues/540-w-main-st-/V0-001-009736269-9?utm_source=apis&utm_medium=apim&utm_campaign=apic"
      },
      {
        "watching_count": null,
        "olson_path": "America/New_York",
        "calendar_count": null,
        "comment_count": null,
        "region_abbr": "NY",
        "postal_code": "14627",
        "going_count": null,
        "all_day": "0",
        "latitude": "43.1264079",
        "groups": null,
        "url": "http://rochester.eventful.com/events/rpo-philharmonics-7-preconcert-chat-/E0-001-105165011-5?utm_source=apis&utm_medium=apim&utm_campaign=apic",
        "id": "E0-001-105165011-5",
        "privacy": "1",
        "city_name": "Rochester",
        "link_count": null,
        "longitude": "-77.6311941",
        "country_name": "United States",
        "country_abbr": "USA",
        "region_name": "New York",
        "start_time": "2018-01-18 18:30:00",
        "tz_id": null,
        "description": null,
        "modified": "2017-07-29 07:22:08",
        "venue_display": "1",
        "tz_country": null,
        "performers": {
          "performer": {
            "creator": "sweetleaf",
            "linker": "evdb",
            "name": "RPO",
            "url": "http://concerts.eventful.com/RPO?utm_source=apis&utm_medium=apim&utm_campaign=apic",
            "id": "P0-001-000017073-3",
            "short_bio": "rock/metal"
          }
        },
        "title": "RPO: Philharmonics #7 - Pre-Concert Chat",
        "venue_address": "240 Wallis Hall",
        "geocode_type": "EVDB Geocoder",
        "tz_olson_path": null,
        "recur_string": null,
        "calendars": null,
        "owner": "evdb",
        "going": null,
        "country_abbr2": "US",
        "image": null,
        "created": "2017-07-29 07:22:08",
        "venue_id": "V0-001-000156663-6",
        "tz_city": null,
        "stop_time": null,
        "venue_name": "University of Rochester",
        "venue_url": "http://rochester.eventful.com/venues/university-of-rochester-/V0-001-000156663-6?utm_source=apis&utm_medium=apim&utm_campaign=apic"
      },
      {
        "watching_count": null,
        "olson_path": "America/New_York",
        "calendar_count": null,
        "comment_count": null,
        "region_abbr": "NY",
        "postal_code": "14627",
        "going_count": null,
        "all_day": "0",
        "latitude": "43.1264079",
        "groups": null,
        "url": "http://rochester.eventful.com/events/rpo-philharmonics-12-preconcert-chat-/E0-001-105165053-1?utm_source=apis&utm_medium=apim&utm_campaign=apic",
        "id": "E0-001-105165053-1",
        "privacy": "1",
        "city_name": "Rochester",
        "link_count": null,
        "longitude": "-77.6311941",
        "country_name": "United States",
        "country_abbr": "USA",
        "region_name": "New York",
        "start_time": "2018-04-19 18:30:00",
        "tz_id": null,
        "description": null,
        "modified": "2017-07-29 07:22:38",
        "venue_display": "1",
        "tz_country": null,
        "performers": {
          "performer": {
            "creator": "sweetleaf",
            "linker": "evdb",
            "name": "RPO",
            "url": "http://concerts.eventful.com/RPO?utm_source=apis&utm_medium=apim&utm_campaign=apic",
            "id": "P0-001-000017073-3",
            "short_bio": "rock/metal"
          }
        },
        "title": "RPO: Philharmonics #12 - Pre-Concert Chat",
        "venue_address": "240 Wallis Hall",
        "geocode_type": "EVDB Geocoder",
        "tz_olson_path": null,
        "recur_string": null,
        "calendars": null,
        "owner": "evdb",
        "going": null,
        "country_abbr2": "US",
        "image": null,
        "created": "2017-07-29 07:22:38",
        "venue_id": "V0-001-000156663-6",
        "tz_city": null,
        "stop_time": null,
        "venue_name": "University of Rochester",
        "venue_url": "http://rochester.eventful.com/venues/university-of-rochester-/V0-001-000156663-6?utm_source=apis&utm_medium=apim&utm_campaign=apic"
      },
      {
        "watching_count": null,
        "olson_path": "America/New_York",
        "calendar_count": null,
        "comment_count": null,
        "region_abbr": "NY",
        "postal_code": "14627",
        "going_count": null,
        "all_day": "0",
        "latitude": "43.1264079",
        "groups": null,
        "url": "http://rochester.eventful.com/events/rpo-philharmonics-9-preconcert-chat-/E0-001-105165031-9?utm_source=apis&utm_medium=apim&utm_campaign=apic",
        "id": "E0-001-105165031-9",
        "privacy": "1",
        "city_name": "Rochester",
        "link_count": null,
        "longitude": "-77.6311941",
        "country_name": "United States",
        "country_abbr": "USA",
        "region_name": "New York",
        "start_time": "2018-03-03 19:00:00",
        "tz_id": null,
        "description": null,
        "modified": "2017-07-29 07:22:22",
        "venue_display": "1",
        "tz_country": null,
        "performers": {
          "performer": {
            "creator": "sweetleaf",
            "linker": "evdb",
            "name": "RPO",
            "url": "http://concerts.eventful.com/RPO?utm_source=apis&utm_medium=apim&utm_campaign=apic",
            "id": "P0-001-000017073-3",
            "short_bio": "rock/metal"
          }
        },
        "title": "RPO: Philharmonics #9 - Pre-Concert Chat",
        "venue_address": "240 Wallis Hall",
        "geocode_type": "EVDB Geocoder",
        "tz_olson_path": null,
        "recur_string": null,
        "calendars": null,
        "owner": "evdb",
        "going": null,
        "country_abbr2": "US",
        "image": null,
        "created": "2017-07-29 07:22:22",
        "venue_id": "V0-001-000156663-6",
        "tz_city": null,
        "stop_time": null,
        "venue_name": "University of Rochester",
        "venue_url": "http://rochester.eventful.com/venues/university-of-rochester-/V0-001-000156663-6?utm_source=apis&utm_medium=apim&utm_campaign=apic"
      },
      {
        "watching_count": null,
        "olson_path": "America/New_York",
        "calendar_count": null,
        "comment_count": null,
        "region_abbr": "NY",
        "postal_code": "14627",
        "going_count": null,
        "all_day": "0",
        "latitude": "43.1264079",
        "groups": null,
        "url": "http://rochester.eventful.com/events/rpo-philharmonics-8-preconcert-chat-/E0-001-105165021-2?utm_source=apis&utm_medium=apim&utm_campaign=apic",
        "id": "E0-001-105165021-2",
        "privacy": "1",
        "city_name": "Rochester",
        "link_count": null,
        "longitude": "-77.6311941",
        "country_name": "United States",
        "country_abbr": "USA",
        "region_name": "New York",
        "start_time": "2018-02-08 18:30:00",
        "tz_id": null,
        "description": null,
        "modified": "2017-07-29 07:22:15",
        "venue_display": "1",
        "tz_country": null,
        "performers": {
          "performer": {
            "creator": "sweetleaf",
            "linker": "evdb",
            "name": "RPO",
            "url": "http://concerts.eventful.com/RPO?utm_source=apis&utm_medium=apim&utm_campaign=apic",
            "id": "P0-001-000017073-3",
            "short_bio": "rock/metal"
          }
        },
        "title": "RPO: Philharmonics #8 - Pre-Concert Chat",
        "venue_address": "240 Wallis Hall",
        "geocode_type": "EVDB Geocoder",
        "tz_olson_path": null,
        "recur_string": null,
        "calendars": null,
        "owner": "evdb",
        "going": null,
        "country_abbr2": "US",
        "image": null,
        "created": "2017-07-29 07:22:15",
        "venue_id": "V0-001-000156663-6",
        "tz_city": null,
        "stop_time": null,
        "venue_name": "University of Rochester",
        "venue_url": "http://rochester.eventful.com/venues/university-of-rochester-/V0-001-000156663-6?utm_source=apis&utm_medium=apim&utm_campaign=apic"
      },
      {
        "watching_count": null,
        "olson_path": "America/New_York",
        "calendar_count": null,
        "comment_count": null,
        "region_abbr": "NY",
        "postal_code": "14627",
        "going_count": null,
        "all_day": "0",
        "latitude": "43.1264079",
        "groups": null,
        "url": "http://rochester.eventful.com/events/rpo-philharmonics-13-preconcert-chat-/E0-001-105165061-0?utm_source=apis&utm_medium=apim&utm_campaign=apic",
        "id": "E0-001-105165061-0",
        "privacy": "1",
        "city_name": "Rochester",
        "link_count": null,
        "longitude": "-77.6311941",
        "country_name": "United States",
        "country_abbr": "USA",
        "region_name": "New York",
        "start_time": "2018-05-12 19:00:00",
        "tz_id": null,
        "description": null,
        "modified": "2017-07-29 07:22:45",
        "venue_display": "1",
        "tz_country": null,
        "performers": {
          "performer": {
            "creator": "sweetleaf",
            "linker": "evdb",
            "name": "RPO",
            "url": "http://concerts.eventful.com/RPO?utm_source=apis&utm_medium=apim&utm_campaign=apic",
            "id": "P0-001-000017073-3",
            "short_bio": "rock/metal"
          }
        },
        "title": "RPO: Philharmonics #13 - Pre-Concert Chat",
        "venue_address": "240 Wallis Hall",
        "geocode_type": "EVDB Geocoder",
        "tz_olson_path": null,
        "recur_string": null,
        "calendars": null,
        "owner": "evdb",
        "going": null,
        "country_abbr2": "US",
        "image": null,
        "created": "2017-07-29 07:22:45",
        "venue_id": "V0-001-000156663-6",
        "tz_city": null,
        "stop_time": null,
        "venue_name": "University of Rochester",
        "venue_url": "http://rochester.eventful.com/venues/university-of-rochester-/V0-001-000156663-6?utm_source=apis&utm_medium=apim&utm_campaign=apic"
      },
      {
        "watching_count": null,
        "olson_path": "America/New_York",
        "calendar_count": null,
        "comment_count": null,
        "region_abbr": "NY",
        "postal_code": "14627",
        "going_count": null,
        "all_day": "0",
        "latitude": "43.1264079",
        "groups": null,
        "url": "http://rochester.eventful.com/events/rpo-philharmonics-10-preconcert-chat-/E0-001-105165038-2?utm_source=apis&utm_medium=apim&utm_campaign=apic",
        "id": "E0-001-105165038-2",
        "privacy": "1",
        "city_name": "Rochester",
        "link_count": null,
        "longitude": "-77.6311941",
        "country_name": "United States",
        "country_abbr": "USA",
        "region_name": "New York",
        "start_time": "2018-03-08 18:30:00",
        "tz_id": null,
        "description": null,
        "modified": "2017-07-29 07:22:26",
        "venue_display": "1",
        "tz_country": null,
        "performers": {
          "performer": {
            "creator": "sweetleaf",
            "linker": "evdb",
            "name": "RPO",
            "url": "http://concerts.eventful.com/RPO?utm_source=apis&utm_medium=apim&utm_campaign=apic",
            "id": "P0-001-000017073-3",
            "short_bio": "rock/metal"
          }
        },
        "title": "RPO: Philharmonics #10 - Pre-Concert Chat",
        "venue_address": "240 Wallis Hall",
        "geocode_type": "EVDB Geocoder",
        "tz_olson_path": null,
        "recur_string": null,
        "calendars": null,
        "owner": "evdb",
        "going": null,
        "country_abbr2": "US",
        "image": null,
        "created": "2017-07-29 07:22:26",
        "venue_id": "V0-001-000156663-6",
        "tz_city": null,
        "stop_time": null,
        "venue_name": "University of Rochester",
        "venue_url": "http://rochester.eventful.com/venues/university-of-rochester-/V0-001-000156663-6?utm_source=apis&utm_medium=apim&utm_campaign=apic"
      },
      {
        "watching_count": null,
        "olson_path": "America/New_York",
        "calendar_count": null,
        "comment_count": null,
        "region_abbr": "NY",
        "postal_code": "14627",
        "going_count": null,
        "all_day": "0",
        "latitude": "43.1264079",
        "groups": null,
        "url": "http://rochester.eventful.com/events/rpo-philharmonics-14-preconcert-chat-/E0-001-105165070-8?utm_source=apis&utm_medium=apim&utm_campaign=apic",
        "id": "E0-001-105165070-8",
        "privacy": "1",
        "city_name": "Rochester",
        "link_count": null,
        "longitude": "-77.6311941",
        "country_name": "United States",
        "country_abbr": "USA",
        "region_name": "New York",
        "start_time": "2018-05-26 19:00:00",
        "tz_id": null,
        "description": null,
        "modified": "2017-07-29 07:22:52",
        "venue_display": "1",
        "tz_country": null,
        "performers": {
          "performer": {
            "creator": "sweetleaf",
            "linker": "evdb",
            "name": "RPO",
            "url": "http://concerts.eventful.com/RPO?utm_source=apis&utm_medium=apim&utm_campaign=apic",
            "id": "P0-001-000017073-3",
            "short_bio": "rock/metal"
          }
        },
        "title": "RPO: Philharmonics #14 - Pre-Concert Chat",
        "venue_address": "240 Wallis Hall",
        "geocode_type": "EVDB Geocoder",
        "tz_olson_path": null,
        "recur_string": null,
        "calendars": null,
        "owner": "evdb",
        "going": null,
        "country_abbr2": "US",
        "image": null,
        "created": "2017-07-29 07:22:52",
        "venue_id": "V0-001-000156663-6",
        "tz_city": null,
        "stop_time": null,
        "venue_name": "University of Rochester",
        "venue_url": "http://rochester.eventful.com/venues/university-of-rochester-/V0-001-000156663-6?utm_source=apis&utm_medium=apim&utm_campaign=apic"
      },
      {
        "watching_count": null,
        "olson_path": "America/New_York",
        "calendar_count": null,
        "comment_count": null,
        "region_abbr": "NY",
        "postal_code": "14627",
        "going_count": null,
        "all_day": "0",
        "latitude": "43.1264079",
        "groups": null,
        "url": "http://rochester.eventful.com/events/rpo-philharmonics-9-preconcert-chat-/E0-001-105165029-4?utm_source=apis&utm_medium=apim&utm_campaign=apic",
        "id": "E0-001-105165029-4",
        "privacy": "1",
        "city_name": "Rochester",
        "link_count": null,
        "longitude": "-77.6311941",
        "country_name": "United States",
        "country_abbr": "USA",
        "region_name": "New York",
        "start_time": "2018-03-01 18:30:00",
        "tz_id": null,
        "description": null,
        "modified": "2017-07-29 07:22:20",
        "venue_display": "1",
        "tz_country": null,
        "performers": {
          "performer": {
            "creator": "sweetleaf",
            "linker": "evdb",
            "name": "RPO",
            "url": "http://concerts.eventful.com/RPO?utm_source=apis&utm_medium=apim&utm_campaign=apic",
            "id": "P0-001-000017073-3",
            "short_bio": "rock/metal"
          }
        },
        "title": "RPO: Philharmonics #9 - Pre-Concert Chat",
        "venue_address": "240 Wallis Hall",
        "geocode_type": "EVDB Geocoder",
        "tz_olson_path": null,
        "recur_string": null,
        "calendars": null,
        "owner": "evdb",
        "going": null,
        "country_abbr2": "US",
        "image": null,
        "created": "2017-07-29 07:22:20",
        "venue_id": "V0-001-000156663-6",
        "tz_city": null,
        "stop_time": null,
        "venue_name": "University of Rochester",
        "venue_url": "http://rochester.eventful.com/venues/university-of-rochester-/V0-001-000156663-6?utm_source=apis&utm_medium=apim&utm_campaign=apic"
      }
    ]
  }
}